개인 정보	Privacy	隐私
익명 사용 통계 보내기	Send anonymous usage stats	发送匿名使用统计
앱을 켠 횟수와 서버 종류만 세요. 이름·서버 이름·IP 같은 개인 정보는 저장하지 않아요.	Only counts app launches and server types. No personal info like names, server names or IPs is stored.	只统计应用打开次数和服务器类型，不保存名字、服务器名称、IP 等个人信息。
기본으로 연결돼 있어요. 따로 할 일은 없어요.	Connected by default. Nothing else to do.	默认已连接，无需其他操作。
playit 터널	playit tunnel	playit 隧道
공유기로 못 열 때 playit 터널로 열도록 연결돼 있어요.	Linked to open with a playit tunnel when the router can't.	已连接：路由器无法开放时会通过 playit 隧道开放。
playit 연결을 끊었어요	Disconnected from playit	已断开 playit 连接
백업을 휴지통으로 옮겼어요	Moved the backup to the Recycle Bin	已将备份移至回收站
로그 검색 (Ctrl+F)	Search log (Ctrl+F)	搜索日志 (Ctrl+F)
{0}명이 접속해 있어요	{0} players are online	有 {0} 名玩家在线
서버를 끄면 모두 나가져요. 월드는 저장하고 꺼요.	Stopping the server will disconnect everyone. The world is saved first.	关闭服务器会让所有人断开连接。会先保存世界。
플레이어 주변에서 동물·작물이 움직이는 범위예요. 보이는 거리보다 크게 해도 효과가 없어요.	How far around players animals and crops keep moving. Setting it above view distance has no effect.	玩家周围动物和作物会活动的范围。设得比可视距离大也没有效果。
이 크기(바이트)보다 큰 데이터를 압축해요. 256이면 충분해요. -1이면 압축하지 않아요.	Data larger than this (bytes) is compressed. 256 is enough. -1 turns compression off.	大于此大小（字节）的数据会被压缩。256 就够了。-1 表示不压缩。
데이터 팩 함수가 쓸 수 있는 명령어 범위예요. 보통 2로 두면 돼요.	Which commands data pack functions can use. 2 is usually fine.	数据包函数可以使用的命令范围。通常设为 2 即可。
레드스톤 등이 한 번에 일으킬 수 있는 블록 변화 수예요. -1이면 제한 없음.	How many block updates redstone etc. can cause at once. -1 means no limit.	红石等一次可引起的方块更新数量。-1 表示不限制。
개/초	/sec	个/秒
0이면 비어 있는 포트를 알아서 골라요.	0 picks a free port automatically.	为 0 时自动选择空闲端口。
목록이 비어 있어요	The list is empty	列表是空的
이대로 켜면 아무도(방장도) 들어올 수 없어요. 먼저 닉네임을 추가하는 게 좋아요.	If you turn it on now, nobody (not even the host) can join. Add names first.	现在开启的话，任何人（包括房主）都无法进入。建议先添加玩家名。
먼저 추가하기	Add first	先添加
해결법: 터널로 열기	Fix: open with a tunnel	解决方法：通过隧道开放
아래 "터널로 열기"를 눌러요.	Click "Open with tunnel" below.	点击下方的"通过隧道开放"。
브라우저에 playit.gg가 열리면 로그인하거나 회원가입해요.	When playit.gg opens in your browser, log in or sign up.	浏览器打开 playit.gg 后，登录或注册。
"Claim Agent" 화면에서 승인 버튼을 눌러요.	On the "Claim Agent" page, click the approve button.	在"Claim Agent"页面点击授权按钮。
앱으로 돌아오면 접속 주소가 떠요. 다음부터는 알아서 열려요.	Back in the app, the address appears. From then on it opens automatically.	回到应用后会显示连接地址。之后会自动开放。
허락한 사람만 들어오게 해요. 목록은 서버의 관리 탭에서 바꿔요	Only let in people you allow. Edit the list in the server’s Manage tab	只允许你许可的人进入。名单在服务器的"管理"标签中修改
아이콘 바꾸기 (오른쪽 클릭: 지우기)	Change icon (right-click: remove)	更换图标（右键：删除）
서버 아이콘 고르기	Choose server icon	选择服务器图标
버그 제보에 답장이 왔어요	You got a reply to your bug report	你的问题反馈收到了回复
새 제보	New report	新反馈
내 제보 ({0})	My reports ({0})	我的反馈 ({0})
개발자 답장	Reply from the developer	开发者回复
아직 답장이 없어요. 답장이 오면 알려 드려요.	No reply yet. We'll let you know when one arrives.	还没有回复。收到回复时会通知你。
앱 버전과 윈도우 정보가 같이 보내져요. 사진·영상은 파일당 4MB까지예요. 답장이 오면 알려 드려요.	The app version and Windows info are sent too. Photos and videos up to 4MB each. We'll let you know when you get a reply.	会同时发送应用版本和 Windows 信息。图片和视频每个最多 4MB。收到回复时会通知你。
답장 {0}개	{0} replies	{0} 条回复
내 질문	My question	我的问题
답장	Replies	回复
{0} (눌러서 크게 보기)	{0} (click to enlarge)	{0}（点击放大）
알림함을 불러오지 못했어요. ({0})	Couldn't load the inbox. ({0})	无法加载消息中心。({0})
알림함	Inbox	消息中心
공지	Notices	公告
패치노트	Patch notes	更新日志
제보 답장	Report replies	反馈回复
공지가 없어요	No notices	暂无公告
패치노트가 없어요	No patch notes	暂无更新日志
보낸 제보가 없어요	No reports sent	还没有发送反馈
오른쪽 위 버그 제보로 보내면 답장을 여기서 볼 수 있어요.	Send one with Bug report at the top right and replies will show up here.	通过右上角的"问题反馈"发送后，可以在这里查看回复。
